id,seed,background_flows,source_sha,trace_sha256,voq_path,voq_sha256,per_dst_sha256,sample_rows,sampled_tors,sampled_timestamps,nonzero_queue_samples,nonzero_packet_samples,max_voq_count,max_voq_packets,p50_voq_count,p99_voq_count,p50_voq_packets,p99_voq_packets,per_dst_raw_rows
20261004-070000-ws25-formal-s21-b000-conweave,20262521,0,ce699dffe2845dc83e2171a1c309c6d96b96d2b3,c334616137cc78c9ee40d38067d780cdcee1674ea900c623d3a1ce7c36093939,results/20261004-070000-ws25-formal-s21-b000-conweave/raw/903385963/903385963_out_voq.txt,f9618cf043bf7a532ebb1478ff0efe6d4c88c1cc13806a41e90d09fa51710c4d,e3b0c44298fc1c149afbf4c8996fb92427ae41e4649b934ca495991b7852b855,1760,160,11,0,0,0,0,0.0,0.0,0.0,0.0,0
20261004-070000-ws25-formal-s21-b064-conweave,20262521,64,ce699dffe2845dc83e2171a1c309c6d96b96d2b3,d01f2a003edf44cfdfcb4a356de8995f2abf84a54c9f6bfa70aba63f31357970,results/20261004-070000-ws25-formal-s21-b064-conweave/raw/887193017/887193017_out_voq.txt,70668e2e60f4f52edcdcdc65043df5a58965191c7758d648a4ff4d24849713e0,e3b0c44298fc1c149afbf4c8996fb92427ae41e4649b934ca495991b7852b855,11360,160,71,0,0,0,0,0.0,0.0,0.0,0.0,0
20261004-070000-ws25-formal-s21-b128-conweave,20262521,128,ce699dffe2845dc83e2171a1c309c6d96b96d2b3,258c2f9135f753a7e32e11ebe7d6e569b4c72d9763035811c0cf24f2ab181233,results/20261004-070000-ws25-formal-s21-b128-conweave/raw/59315942/59315942_out_voq.txt,09f2cd3f19db9c6a5530162d647970316a453aef11a3e60faa8741c9725316c3,e3b0c44298fc1c149afbf4c8996fb92427ae41e4649b934ca495991b7852b855,17760,160,111,0,0,0,0,0.0,0.0,0.0,0.0,0
20261004-070000-ws25-formal-s21-b192-conweave,20262521,192,ce699dffe2845dc83e2171a1c309c6d96b96d2b3,f2a3e21ae7393825f22ce9ef9f358c41422f5236e113b86ef6ea9333f0dd2553,results/20261004-070000-ws25-formal-s21-b192-conweave/raw/304101416/304101416_out_voq.txt,0f1901d7decf51c2054c1ddb7c9f98f90a0f6ec737be1da8f61d6cd7344777e0,e3b0c44298fc1c149afbf4c8996fb92427ae41e4649b934ca495991b7852b855,25760,160,161,0,0,0,0,0.0,0.0,0.0,0.0,0
20261004-070000-ws25-formal-s22-b000-conweave,20262522,0,ce699dffe2845dc83e2171a1c309c6d96b96d2b3,a0a81205b440f1e36f5debd6d1150ea050a81b08eaaec23f42cf74d5e0b310cc,results/20261004-070000-ws25-formal-s22-b000-conweave/raw/224358692/224358692_out_voq.txt,f9618cf043bf7a532ebb1478ff0efe6d4c88c1cc13806a41e90d09fa51710c4d,e3b0c44298fc1c149afbf4c8996fb92427ae41e4649b934ca495991b7852b855,1760,160,11,0,0,0,0,0.0,0.0,0.0,0.0,0
20261004-070000-ws25-formal-s22-b064-conweave,20262522,64,ce699dffe2845dc83e2171a1c309c6d96b96d2b3,57339c55553bbebfb542b4fe60504956027ceb3df3b63f8b207f94c19410cc5c,results/20261004-070000-ws25-formal-s22-b064-conweave/raw/491406590/491406590_out_voq.txt,1bb1292e2aedd2b7bcddccb6f39e30ff8345a0217768e40af2e3e77686874ad0,e3b0c44298fc1c149afbf4c8996fb92427ae41e4649b934ca495991b7852b855,9760,160,61,0,0,0,0,0.0,0.0,0.0,0.0,0
20261004-070000-ws25-formal-s22-b128-conweave,20262522,128,ce699dffe2845dc83e2171a1c309c6d96b96d2b3,a12bcc8f4a731ff1231eef39f26d2ca55709a27175b11b2889cd4f8909fe74c1,results/20261004-070000-ws25-formal-s22-b128-conweave/raw/637130498/637130498_out_voq.txt,c2831fc564eca2d0e7aeb964d447799413b5a26091bbe10b07ee9e1d366a5f28,e3b0c44298fc1c149afbf4c8996fb92427ae41e4649b934ca495991b7852b855,19360,160,121,0,0,0,0,0.0,0.0,0.0,0.0,0
20261004-070000-ws25-formal-s22-b192-conweave,20262522,192,ce699dffe2845dc83e2171a1c309c6d96b96d2b3,b75d1938804a101ad2bffe08e54ac98734ed9f98bc7b6a549d88004655bd6769,results/20261004-070000-ws25-formal-s22-b192-conweave/raw/528862095/528862095_out_voq.txt,e187911bb5383872d2672735d5273346b0bd32faabb039e13d3e53a4e923a71f,26ef29ce351bccd60f48ba9dcf1d5d5b6797006bde3069171e962bd80ff2e1c9,25760,160,161,1,1,1,3,0.0,0.0,0.0,0.0,1
20261004-070000-ws25-formal-s23-b000-conweave,20262523,0,ce699dffe2845dc83e2171a1c309c6d96b96d2b3,9e6a8fd74e95364ab4d49fa1fe4f6ddbbe55cd02a5551015e2c9df6118eb19c7,results/20261004-070000-ws25-formal-s23-b000-conweave/raw/356666657/356666657_out_voq.txt,f9618cf043bf7a532ebb1478ff0efe6d4c88c1cc13806a41e90d09fa51710c4d,e3b0c44298fc1c149afbf4c8996fb92427ae41e4649b934ca495991b7852b855,1760,160,11,0,0,0,0,0.0,0.0,0.0,0.0,0
20261004-070000-ws25-formal-s23-b064-conweave,20262523,64,ce699dffe2845dc83e2171a1c309c6d96b96d2b3,0d71b11c757b2e2d5ec95cd10fe35cc8917e41779b3c1d405a3c19ae95728bf7,results/20261004-070000-ws25-formal-s23-b064-conweave/raw/996602631/996602631_out_voq.txt,739699e80738d96863dd92840dde8eb9efcf30a6aecb414308508e859b41a9a4,e3b0c44298fc1c149afbf4c8996fb92427ae41e4649b934ca495991b7852b855,16160,160,101,0,0,0,0,0.0,0.0,0.0,0.0,0
20261004-070000-ws25-formal-s23-b128-conweave,20262523,128,ce699dffe2845dc83e2171a1c309c6d96b96d2b3,27d89e9b69442d7f4c27a2edbf0d9a74259d2b6efc16d99365bad8c01f429bd5,results/20261004-070000-ws25-formal-s23-b128-conweave/raw/383414763/383414763_out_voq.txt,09f2cd3f19db9c6a5530162d647970316a453aef11a3e60faa8741c9725316c3,e3b0c44298fc1c149afbf4c8996fb92427ae41e4649b934ca495991b7852b855,17760,160,111,0,0,0,0,0.0,0.0,0.0,0.0,0
20261004-070000-ws25-formal-s23-b192-conweave,20262523,192,ce699dffe2845dc83e2171a1c309c6d96b96d2b3,b290dc7ca5a0227bf4d166338bbf7e888a6d75df9264cdde07c7b54de9a46fee,results/20261004-070000-ws25-formal-s23-b192-conweave/raw/383078655/383078655_out_voq.txt,8e1c0930d7fcbaa208bc6d74ebe014f798ccd28d0b396f2ad86523954713f2c3,e3b0c44298fc1c149afbf4c8996fb92427ae41e4649b934ca495991b7852b855,30560,160,191,0,0,0,0,0.0,0.0,0.0,0.0,0
20261004-070000-ws25-formal-s24-b000-conweave,20262524,0,ce699dffe2845dc83e2171a1c309c6d96b96d2b3,962d40d5be1d831c6192da3b8b20981af287cadaa4c2efefe02477e3584c4a0c,results/20261004-070000-ws25-formal-s24-b000-conweave/raw/157561913/157561913_out_voq.txt,f9618cf043bf7a532ebb1478ff0efe6d4c88c1cc13806a41e90d09fa51710c4d,e3b0c44298fc1c149afbf4c8996fb92427ae41e4649b934ca495991b7852b855,1760,160,11,0,0,0,0,0.0,0.0,0.0,0.0,0
20261004-070000-ws25-formal-s24-b064-conweave,20262524,64,ce699dffe2845dc83e2171a1c309c6d96b96d2b3,b47f2dc0cb0123b4eaecee680c73858dd545943701e66d0b2bae4db30165d2e2,results/20261004-070000-ws25-formal-s24-b064-conweave/raw/816847136/816847136_out_voq.txt,78497f5c69cbc1b5137ff1f305fda42798e5c8b840198b4629f26f8ecbe61e13,e3b0c44298fc1c149afbf4c8996fb92427ae41e4649b934ca495991b7852b855,12960,160,81,0,0,0,0,0.0,0.0,0.0,0.0,0
20261004-070000-ws25-formal-s24-b128-conweave,20262524,128,ce699dffe2845dc83e2171a1c309c6d96b96d2b3,16ef934839184ee24cd5e267ed3f5b2b2dbdd66a034c621b7b9552bc8a333e51,results/20261004-070000-ws25-formal-s24-b128-conweave/raw/471306319/471306319_out_voq.txt,c2831fc564eca2d0e7aeb964d447799413b5a26091bbe10b07ee9e1d366a5f28,e3b0c44298fc1c149afbf4c8996fb92427ae41e4649b934ca495991b7852b855,19360,160,121,0,0,0,0,0.0,0.0,0.0,0.0,0
20261004-070000-ws25-formal-s24-b192-conweave,20262524,192,ce699dffe2845dc83e2171a1c309c6d96b96d2b3,d72f0f360d89dd3504c4cba730d903e1d939400ff2abd3566cf0428f4e59e2e3,results/20261004-070000-ws25-formal-s24-b192-conweave/raw/628751946/628751946_out_voq.txt,f9259e1457c166ff25f7bbacb6a3f50447c46167e589d2bd8e45f6d312c84a78,e3b0c44298fc1c149afbf4c8996fb92427ae41e4649b934ca495991b7852b855,28960,160,181,0,0,0,0,0.0,0.0,0.0,0.0,0
20261004-070000-ws25-formal-s25-b000-conweave,20262525,0,ce699dffe2845dc83e2171a1c309c6d96b96d2b3,504fb8e48a442e88472b4f23c7c0c1b60b753ec6aa2679d2ebadca6a1bc058cc,results/20261004-070000-ws25-formal-s25-b000-conweave/raw/241337004/241337004_out_voq.txt,f9618cf043bf7a532ebb1478ff0efe6d4c88c1cc13806a41e90d09fa51710c4d,e3b0c44298fc1c149afbf4c8996fb92427ae41e4649b934ca495991b7852b855,1760,160,11,0,0,0,0,0.0,0.0,0.0,0.0,0
20261004-070000-ws25-formal-s25-b064-conweave,20262525,64,ce699dffe2845dc83e2171a1c309c6d96b96d2b3,8976f794c58beea65c6d0370bd90bda4d49ea6b3ded840a34083910221ed8701,results/20261004-070000-ws25-formal-s25-b064-conweave/raw/128170986/128170986_out_voq.txt,70668e2e60f4f52edcdcdc65043df5a58965191c7758d648a4ff4d24849713e0,e3b0c44298fc1c149afbf4c8996fb92427ae41e4649b934ca495991b7852b855,11360,160,71,0,0,0,0,0.0,0.0,0.0,0.0,0
20261004-070000-ws25-formal-s25-b128-conweave,20262525,128,ce699dffe2845dc83e2171a1c309c6d96b96d2b3,1a1f3a31c67fe772b6f8b052325cd0407570879cd175f7afabc03255bd0a3409,results/20261004-070000-ws25-formal-s25-b128-conweave/raw/840787178/840787178_out_voq.txt,09f2cd3f19db9c6a5530162d647970316a453aef11a3e60faa8741c9725316c3,e3b0c44298fc1c149afbf4c8996fb92427ae41e4649b934ca495991b7852b855,17760,160,111,0,0,0,0,0.0,0.0,0.0,0.0,0
20261004-070000-ws25-formal-s25-b192-conweave,20262525,192,ce699dffe2845dc83e2171a1c309c6d96b96d2b3,925d4683adc298d3d1b05ce708127d344f243ffb86c518cd57b94f0a2a0bad2f,results/20261004-070000-ws25-formal-s25-b192-conweave/raw/868948515/868948515_out_voq.txt,a3335c206a57942cd7cb943f5e3a11cba1649bf40ebb4c3bf90bc57e8b9d1d09,e3b0c44298fc1c149afbf4c8996fb92427ae41e4649b934ca495991b7852b855,24160,160,151,0,0,0,0,0.0,0.0,0.0,0.0,0
20261004-070000-ws25-formal-s26-b000-conweave,20262526,0,ce699dffe2845dc83e2171a1c309c6d96b96d2b3,0b7de52b514487faa33f1a93b167bc83aa907ae8c3063c3a8a61f489afe36611,results/20261004-070000-ws25-formal-s26-b000-conweave/raw/847801253/847801253_out_voq.txt,f9618cf043bf7a532ebb1478ff0efe6d4c88c1cc13806a41e90d09fa51710c4d,e3b0c44298fc1c149afbf4c8996fb92427ae41e4649b934ca495991b7852b855,1760,160,11,0,0,0,0,0.0,0.0,0.0,0.0,0
20261004-070000-ws25-formal-s26-b064-conweave,20262526,64,ce699dffe2845dc83e2171a1c309c6d96b96d2b3,190949e676c3a20454c25f2eabda9b05a40a135947c360595ff8dcefc7e67c7f,results/20261004-070000-ws25-formal-s26-b064-conweave/raw/399223438/399223438_out_voq.txt,70668e2e60f4f52edcdcdc65043df5a58965191c7758d648a4ff4d24849713e0,e3b0c44298fc1c149afbf4c8996fb92427ae41e4649b934ca495991b7852b855,11360,160,71,0,0,0,0,0.0,0.0,0.0,0.0,0
20261004-070000-ws25-formal-s26-b128-conweave,20262526,128,ce699dffe2845dc83e2171a1c309c6d96b96d2b3,22cbe23908d194bac572c8072a3b320fe683d2b4062a43ded3c98bbfa83c0916,results/20261004-070000-ws25-formal-s26-b128-conweave/raw/908600878/908600878_out_voq.txt,3669536f1b0cb22492fd343af60f0d865d20803881c1888d31e268ea9e6a20d4,e3b0c44298fc1c149afbf4c8996fb92427ae41e4649b934ca495991b7852b855,27360,160,171,0,0,0,0,0.0,0.0,0.0,0.0,0
20261004-070000-ws25-formal-s26-b192-conweave,20262526,192,ce699dffe2845dc83e2171a1c309c6d96b96d2b3,6710ce30cdc89b2d5095c0408a3f8b3180ab2f6fbbcd1b8c77a7d43f5304f2cd,results/20261004-070000-ws25-formal-s26-b192-conweave/raw/716137142/716137142_out_voq.txt,13708ce09b19ad74e03163246b8e4fc717cb9dc385b2252a1426510688ee9baa,e3b0c44298fc1c149afbf4c8996fb92427ae41e4649b934ca495991b7852b855,35360,160,221,0,0,0,0,0.0,0.0,0.0,0.0,0
20261004-070000-ws25-formal-s27-b000-conweave,20262527,0,ce699dffe2845dc83e2171a1c309c6d96b96d2b3,28675e578e270a82a362bece894bcd6208d5c36435024def4a244562cebdcabb,results/20261004-070000-ws25-formal-s27-b000-conweave/raw/855198752/855198752_out_voq.txt,f9618cf043bf7a532ebb1478ff0efe6d4c88c1cc13806a41e90d09fa51710c4d,e3b0c44298fc1c149afbf4c8996fb92427ae41e4649b934ca495991b7852b855,1760,160,11,0,0,0,0,0.0,0.0,0.0,0.0,0
20261004-070000-ws25-formal-s27-b064-conweave,20262527,64,ce699dffe2845dc83e2171a1c309c6d96b96d2b3,8dea0f8f445ff3c3dcf523f3d558df4fbc6d2fb6e5e478c84fc01e2ea5260763,results/20261004-070000-ws25-formal-s27-b064-conweave/raw/935797009/935797009_out_voq.txt,78497f5c69cbc1b5137ff1f305fda42798e5c8b840198b4629f26f8ecbe61e13,e3b0c44298fc1c149afbf4c8996fb92427ae41e4649b934ca495991b7852b855,12960,160,81,0,0,0,0,0.0,0.0,0.0,0.0,0
20261004-070000-ws25-formal-s27-b128-conweave,20262527,128,ce699dffe2845dc83e2171a1c309c6d96b96d2b3,a62c8058d35a5d3a01e2e4692ff6cd6a26e9892254fa05071a78f9ce4a882f6b,results/20261004-070000-ws25-formal-s27-b128-conweave/raw/626825034/626825034_out_voq.txt,c2831fc564eca2d0e7aeb964d447799413b5a26091bbe10b07ee9e1d366a5f28,e3b0c44298fc1c149afbf4c8996fb92427ae41e4649b934ca495991b7852b855,19360,160,121,0,0,0,0,0.0,0.0,0.0,0.0,0
20261004-070000-ws25-formal-s27-b192-conweave,20262527,192,ce699dffe2845dc83e2171a1c309c6d96b96d2b3,b52a74f776840e3ff19af49e239251dff3409f6d6197373e8175b3aff98d19d3,results/20261004-070000-ws25-formal-s27-b192-conweave/raw/596123561/596123561_out_voq.txt,3669536f1b0cb22492fd343af60f0d865d20803881c1888d31e268ea9e6a20d4,e3b0c44298fc1c149afbf4c8996fb92427ae41e4649b934ca495991b7852b855,27360,160,171,0,0,0,0,0.0,0.0,0.0,0.0,0
20261004-070000-ws25-formal-s28-b000-conweave,20262528,0,ce699dffe2845dc83e2171a1c309c6d96b96d2b3,13d98a382b4ec86f1f137a681acd215bf0a729ace0000564d42c10edb40fb673,results/20261004-070000-ws25-formal-s28-b000-conweave/raw/259710094/259710094_out_voq.txt,f9618cf043bf7a532ebb1478ff0efe6d4c88c1cc13806a41e90d09fa51710c4d,e3b0c44298fc1c149afbf4c8996fb92427ae41e4649b934ca495991b7852b855,1760,160,11,0,0,0,0,0.0,0.0,0.0,0.0,0
20261004-070000-ws25-formal-s28-b064-conweave,20262528,64,ce699dffe2845dc83e2171a1c309c6d96b96d2b3,28b64d698f0a25c7dcd407f9225749ebe72c1bbb77c2eb242e8c3d5ea70c7053,results/20261004-070000-ws25-formal-s28-b064-conweave/raw/45718111/45718111_out_voq.txt,70668e2e60f4f52edcdcdc65043df5a58965191c7758d648a4ff4d24849713e0,e3b0c44298fc1c149afbf4c8996fb92427ae41e4649b934ca495991b7852b855,11360,160,71,0,0,0,0,0.0,0.0,0.0,0.0,0
20261004-070000-ws25-formal-s28-b128-conweave,20262528,128,ce699dffe2845dc83e2171a1c309c6d96b96d2b3,f8ef07166e9450e648c62739f8f6041a2cc91e99a769c7aaf3f748428d15e3ea,results/20261004-070000-ws25-formal-s28-b128-conweave/raw/10012950/10012950_out_voq.txt,c2831fc564eca2d0e7aeb964d447799413b5a26091bbe10b07ee9e1d366a5f28,e3b0c44298fc1c149afbf4c8996fb92427ae41e4649b934ca495991b7852b855,19360,160,121,0,0,0,0,0.0,0.0,0.0,0.0,0
20261004-070000-ws25-formal-s28-b192-conweave,20262528,192,ce699dffe2845dc83e2171a1c309c6d96b96d2b3,accec0283de8ab914deafc56bfc483323b78c0179cc061e9832562315ce2e352,results/20261004-070000-ws25-formal-s28-b192-conweave/raw/191294305/191294305_out_voq.txt,3669536f1b0cb22492fd343af60f0d865d20803881c1888d31e268ea9e6a20d4,e3b0c44298fc1c149afbf4c8996fb92427ae41e4649b934ca495991b7852b855,27360,160,171,0,0,0,0,0.0,0.0,0.0,0.0,0
20261004-070000-ws25-formal-s29-b000-conweave,20262529,0,ce699dffe2845dc83e2171a1c309c6d96b96d2b3,bcc96cfeed65784688e51ed9a6849eccc067872b480ba1ade4624efa3765ddf3,results/20261004-070000-ws25-formal-s29-b000-conweave/raw/919828418/919828418_out_voq.txt,f9618cf043bf7a532ebb1478ff0efe6d4c88c1cc13806a41e90d09fa51710c4d,e3b0c44298fc1c149afbf4c8996fb92427ae41e4649b934ca495991b7852b855,1760,160,11,0,0,0,0,0.0,0.0,0.0,0.0,0
20261004-070000-ws25-formal-s29-b064-conweave,20262529,64,ce699dffe2845dc83e2171a1c309c6d96b96d2b3,473829e62b45278b6b10e53f8203a87a3a50e52616be74f1cf1c815cfa0a650d,results/20261004-070000-ws25-formal-s29-b064-conweave/raw/975699982/975699982_out_voq.txt,78497f5c69cbc1b5137ff1f305fda42798e5c8b840198b4629f26f8ecbe61e13,e3b0c44298fc1c149afbf4c8996fb92427ae41e4649b934ca495991b7852b855,12960,160,81,0,0,0,0,0.0,0.0,0.0,0.0,0
20261004-070000-ws25-formal-s29-b128-conweave,20262529,128,ce699dffe2845dc83e2171a1c309c6d96b96d2b3,ef6935357e1b0b6ada4e2bf085ca0462d2a9fc27d27c42442c32e8a15a6741bb,results/20261004-070000-ws25-formal-s29-b128-conweave/raw/613931785/613931785_out_voq.txt,09f2cd3f19db9c6a5530162d647970316a453aef11a3e60faa8741c9725316c3,e3b0c44298fc1c149afbf4c8996fb92427ae41e4649b934ca495991b7852b855,17760,160,111,0,0,0,0,0.0,0.0,0.0,0.0,0
20261004-070000-ws25-formal-s29-b192-conweave,20262529,192,ce699dffe2845dc83e2171a1c309c6d96b96d2b3,beea7b7957d4f6b394efafafc20eb6776e62e00ace42d5e98c74930831585072,results/20261004-070000-ws25-formal-s29-b192-conweave/raw/828884694/828884694_out_voq.txt,3669536f1b0cb22492fd343af60f0d865d20803881c1888d31e268ea9e6a20d4,e3b0c44298fc1c149afbf4c8996fb92427ae41e4649b934ca495991b7852b855,27360,160,171,0,0,0,0,0.0,0.0,0.0,0.0,0
20261004-070000-ws25-formal-s30-b000-conweave,20262530,0,ce699dffe2845dc83e2171a1c309c6d96b96d2b3,55faec4c215a8baefdef8ddf8c9956614031e01e42e7293333240074ec410044,results/20261004-070000-ws25-formal-s30-b000-conweave/raw/868651460/868651460_out_voq.txt,f9618cf043bf7a532ebb1478ff0efe6d4c88c1cc13806a41e90d09fa51710c4d,e3b0c44298fc1c149afbf4c8996fb92427ae41e4649b934ca495991b7852b855,1760,160,11,0,0,0,0,0.0,0.0,0.0,0.0,0
20261004-070000-ws25-formal-s30-b064-conweave,20262530,64,ce699dffe2845dc83e2171a1c309c6d96b96d2b3,6c641b9341f0f4db34b5a4a79ab8562c9a31dba8152425cb7a0d61b7c02366df,results/20261004-070000-ws25-formal-s30-b064-conweave/raw/781401973/781401973_out_voq.txt,78497f5c69cbc1b5137ff1f305fda42798e5c8b840198b4629f26f8ecbe61e13,e3b0c44298fc1c149afbf4c8996fb92427ae41e4649b934ca495991b7852b855,12960,160,81,0,0,0,0,0.0,0.0,0.0,0.0,0
20261004-070000-ws25-formal-s30-b128-conweave,20262530,128,ce699dffe2845dc83e2171a1c309c6d96b96d2b3,1d8e05af203adbcb0a3621278be8ef08683cdc170eccb05b9dcc8ca23104081d,results/20261004-070000-ws25-formal-s30-b128-conweave/raw/828735283/828735283_out_voq.txt,3c3ae0e11301638690b8fe77ce10abb243bd2b53350416ebd7b936745e3df6e7,e3b0c44298fc1c149afbf4c8996fb92427ae41e4649b934ca495991b7852b855,20960,160,131,0,0,0,0,0.0,0.0,0.0,0.0,0
20261004-070000-ws25-formal-s30-b192-conweave,20262530,192,ce699dffe2845dc83e2171a1c309c6d96b96d2b3,e0e77954780e6577761a0142812fb08727d64b71bda1d6c86a0d3d15f4d32ead,results/20261004-070000-ws25-formal-s30-b192-conweave/raw/652175273/652175273_out_voq.txt,3669536f1b0cb22492fd343af60f0d865d20803881c1888d31e268ea9e6a20d4,e3b0c44298fc1c149afbf4c8996fb92427ae41e4649b934ca495991b7852b855,27360,160,171,0,0,0,0,0.0,0.0,0.0,0.0,0
20261004-070000-ws25-formal-s31-b000-conweave,20262531,0,ce699dffe2845dc83e2171a1c309c6d96b96d2b3,19a28cf5aa1f5ec04b3a654915539f95e1a6b2f95fe8b95e8bf7f46017bf896c,results/20261004-070000-ws25-formal-s31-b000-conweave/raw/987583975/987583975_out_voq.txt,f9618cf043bf7a532ebb1478ff0efe6d4c88c1cc13806a41e90d09fa51710c4d,e3b0c44298fc1c149afbf4c8996fb92427ae41e4649b934ca495991b7852b855,1760,160,11,0,0,0,0,0.0,0.0,0.0,0.0,0
20261004-070000-ws25-formal-s31-b064-conweave,20262531,64,ce699dffe2845dc83e2171a1c309c6d96b96d2b3,1f9c70da26eabef8297b4a2002113b5a9dbba5e662647108b473b4996e93b74a,results/20261004-070000-ws25-formal-s31-b064-conweave/raw/956990712/956990712_out_voq.txt,739699e80738d96863dd92840dde8eb9efcf30a6aecb414308508e859b41a9a4,e3b0c44298fc1c149afbf4c8996fb92427ae41e4649b934ca495991b7852b855,16160,160,101,0,0,0,0,0.0,0.0,0.0,0.0,0
20261004-070000-ws25-formal-s31-b128-conweave,20262531,128,ce699dffe2845dc83e2171a1c309c6d96b96d2b3,b848b27a63e029c801e6c7db3ce1a0a69777e013cd71d07ccf8803ce390a3be7,results/20261004-070000-ws25-formal-s31-b128-conweave/raw/750584656/750584656_out_voq.txt,739699e80738d96863dd92840dde8eb9efcf30a6aecb414308508e859b41a9a4,e3b0c44298fc1c149afbf4c8996fb92427ae41e4649b934ca495991b7852b855,16160,160,101,0,0,0,0,0.0,0.0,0.0,0.0,0
20261004-070000-ws25-formal-s31-b192-conweave,20262531,192,ce699dffe2845dc83e2171a1c309c6d96b96d2b3,d07b5a1fe979e40efb123aeed5530ba4296513195a2ef8a47cf23d044ae2dfad,results/20261004-070000-ws25-formal-s31-b192-conweave/raw/922556326/922556326_out_voq.txt,8e1c0930d7fcbaa208bc6d74ebe014f798ccd28d0b396f2ad86523954713f2c3,e3b0c44298fc1c149afbf4c8996fb92427ae41e4649b934ca495991b7852b855,30560,160,191,0,0,0,0,0.0,0.0,0.0,0.0,0
20261004-070000-ws25-formal-s32-b000-conweave,20262532,0,ce699dffe2845dc83e2171a1c309c6d96b96d2b3,4e692d87907c71a1daa6dcc206ad0970141fc0d0ce38768e6408527bd85e6cde,results/20261004-070000-ws25-formal-s32-b000-conweave/raw/219654287/219654287_out_voq.txt,f9618cf043bf7a532ebb1478ff0efe6d4c88c1cc13806a41e90d09fa51710c4d,e3b0c44298fc1c149afbf4c8996fb92427ae41e4649b934ca495991b7852b855,1760,160,11,0,0,0,0,0.0,0.0,0.0,0.0,0
20261004-070000-ws25-formal-s32-b064-conweave,20262532,64,ce699dffe2845dc83e2171a1c309c6d96b96d2b3,cccce843967f285c7e7d014509eb9e5f7ffdc88dd80d0767c3a4a1c2e23f55de,results/20261004-070000-ws25-formal-s32-b064-conweave/raw/537490766/537490766_out_voq.txt,70668e2e60f4f52edcdcdc65043df5a58965191c7758d648a4ff4d24849713e0,e3b0c44298fc1c149afbf4c8996fb92427ae41e4649b934ca495991b7852b855,11360,160,71,0,0,0,0,0.0,0.0,0.0,0.0,0
20261004-070000-ws25-formal-s32-b128-conweave,20262532,128,ce699dffe2845dc83e2171a1c309c6d96b96d2b3,e48c2c36a317551e378e468810ae7df736ab4c7a71d33e6a633e020c20a87d0a,results/20261004-070000-ws25-formal-s32-b128-conweave/raw/997358263/997358263_out_voq.txt,28feac3ccd5f281cb3b8235c504beb26b2b22191301079ebebeec4f2fb5d65b7,e3b0c44298fc1c149afbf4c8996fb92427ae41e4649b934ca495991b7852b855,22560,160,141,0,0,0,0,0.0,0.0,0.0,0.0,0
20261004-070000-ws25-formal-s32-b192-conweave,20262532,192,ce699dffe2845dc83e2171a1c309c6d96b96d2b3,f9450883ab6c261a00f87c5d7823dba445381003b86c1ca00f77544c093b1b5c,results/20261004-070000-ws25-formal-s32-b192-conweave/raw/950913276/950913276_out_voq.txt,0f1901d7decf51c2054c1ddb7c9f98f90a0f6ec737be1da8f61d6cd7344777e0,e3b0c44298fc1c149afbf4c8996fb92427ae41e4649b934ca495991b7852b855,25760,160,161,0,0,0,0,0.0,0.0,0.0,0.0,0
20261004-070000-ws25-formal-s33-b000-conweave,20262533,0,ce699dffe2845dc83e2171a1c309c6d96b96d2b3,b570cf7d7930c20263a0261ceb760f84fddbc9cbca8fd92724e60bf3df6d1709,results/20261004-070000-ws25-formal-s33-b000-conweave/raw/24863753/24863753_out_voq.txt,f9618cf043bf7a532ebb1478ff0efe6d4c88c1cc13806a41e90d09fa51710c4d,e3b0c44298fc1c149afbf4c8996fb92427ae41e4649b934ca495991b7852b855,1760,160,11,0,0,0,0,0.0,0.0,0.0,0.0,0
20261004-070000-ws25-formal-s33-b064-conweave,20262533,64,ce699dffe2845dc83e2171a1c309c6d96b96d2b3,1df6cd4620ab58fe2545cf3b81c080be76c2c11eef7aa472d6a20d563f001b3d,results/20261004-070000-ws25-formal-s33-b064-conweave/raw/82982213/82982213_out_voq.txt,d5c780473e8d3ef08f59f6c772ab202814498e92cb7d3b3d629de9cdfbfb7644,e3b0c44298fc1c149afbf4c8996fb92427ae41e4649b934ca495991b7852b855,14560,160,91,0,0,0,0,0.0,0.0,0.0,0.0,0
20261004-070000-ws25-formal-s33-b128-conweave,20262533,128,ce699dffe2845dc83e2171a1c309c6d96b96d2b3,d2f9f4846ed432a2eedfda0e113ca9f46e65a354bbe4db431e0dfaa63c5f2435,results/20261004-070000-ws25-formal-s33-b128-conweave/raw/774702410/774702410_out_voq.txt,28feac3ccd5f281cb3b8235c504beb26b2b22191301079ebebeec4f2fb5d65b7,e3b0c44298fc1c149afbf4c8996fb92427ae41e4649b934ca495991b7852b855,22560,160,141,0,0,0,0,0.0,0.0,0.0,0.0,0
20261004-070000-ws25-formal-s33-b192-conweave,20262533,192,ce699dffe2845dc83e2171a1c309c6d96b96d2b3,30fc5e26e7a9cfe1ede42a02042eb3bd4bee46a909325ecf36077667a3ee0bfa,results/20261004-070000-ws25-formal-s33-b192-conweave/raw/986701008/986701008_out_voq.txt,8e1c0930d7fcbaa208bc6d74ebe014f798ccd28d0b396f2ad86523954713f2c3,e3b0c44298fc1c149afbf4c8996fb92427ae41e4649b934ca495991b7852b855,30560,160,191,0,0,0,0,0.0,0.0,0.0,0.0,0
20261004-070000-ws25-formal-s34-b000-conweave,20262534,0,ce699dffe2845dc83e2171a1c309c6d96b96d2b3,f83e1fbd3f80d1fe8a091214d0242677f55661dbcb1f80282d5bb05121c826eb,results/20261004-070000-ws25-formal-s34-b000-conweave/raw/893300684/893300684_out_voq.txt,f9618cf043bf7a532ebb1478ff0efe6d4c88c1cc13806a41e90d09fa51710c4d,e3b0c44298fc1c149afbf4c8996fb92427ae41e4649b934ca495991b7852b855,1760,160,11,0,0,0,0,0.0,0.0,0.0,0.0,0
20261004-070000-ws25-formal-s34-b064-conweave,20262534,64,ce699dffe2845dc83e2171a1c309c6d96b96d2b3,3a4727cea3925c3455187037bab97b0a34221be37d1f4a2c5328cbb6f2f48005,results/20261004-070000-ws25-formal-s34-b064-conweave/raw/37024088/37024088_out_voq.txt,78497f5c69cbc1b5137ff1f305fda42798e5c8b840198b4629f26f8ecbe61e13,e3b0c44298fc1c149afbf4c8996fb92427ae41e4649b934ca495991b7852b855,12960,160,81,0,0,0,0,0.0,0.0,0.0,0.0,0
20261004-070000-ws25-formal-s34-b128-conweave,20262534,128,ce699dffe2845dc83e2171a1c309c6d96b96d2b3,b19736116bb0f8e4298a51ca2930cd264fb1fc97884537bd8fd581a968acd03b,results/20261004-070000-ws25-formal-s34-b128-conweave/raw/276602331/276602331_out_voq.txt,3669536f1b0cb22492fd343af60f0d865d20803881c1888d31e268ea9e6a20d4,e3b0c44298fc1c149afbf4c8996fb92427ae41e4649b934ca495991b7852b855,27360,160,171,0,0,0,0,0.0,0.0,0.0,0.0,0
20261004-070000-ws25-formal-s34-b192-conweave,20262534,192,ce699dffe2845dc83e2171a1c309c6d96b96d2b3,85c28b7c410644d0bf6bdf80811be51243c705501c0d307304495906b91ec7c4,results/20261004-070000-ws25-formal-s34-b192-conweave/raw/618057043/618057043_out_voq.txt,e8984f643c239288c437c99a449820b56f27b6858f86a59b38d107cc7c284b02,e3b0c44298fc1c149afbf4c8996fb92427ae41e4649b934ca495991b7852b855,40160,160,251,0,0,0,0,0.0,0.0,0.0,0.0,0
20261004-070000-ws25-formal-s35-b000-conweave,20262535,0,ce699dffe2845dc83e2171a1c309c6d96b96d2b3,a3a72e7257faece31af7f71b2c80d9d990824a0d4a9fbde30c37e1ef3157ade7,results/20261004-070000-ws25-formal-s35-b000-conweave/raw/445552181/445552181_out_voq.txt,f9618cf043bf7a532ebb1478ff0efe6d4c88c1cc13806a41e90d09fa51710c4d,e3b0c44298fc1c149afbf4c8996fb92427ae41e4649b934ca495991b7852b855,1760,160,11,0,0,0,0,0.0,0.0,0.0,0.0,0
20261004-070000-ws25-formal-s35-b064-conweave,20262535,64,ce699dffe2845dc83e2171a1c309c6d96b96d2b3,a8c057f61815faf1037d945dbb1a0d47ea24af45f8e97344863d6debcb395960,results/20261004-070000-ws25-formal-s35-b064-conweave/raw/297899198/297899198_out_voq.txt,d5c780473e8d3ef08f59f6c772ab202814498e92cb7d3b3d629de9cdfbfb7644,e3b0c44298fc1c149afbf4c8996fb92427ae41e4649b934ca495991b7852b855,14560,160,91,0,0,0,0,0.0,0.0,0.0,0.0,0
20261004-070000-ws25-formal-s35-b128-conweave,20262535,128,ce699dffe2845dc83e2171a1c309c6d96b96d2b3,db10ebbd4b9b3fe87468fef9ce70783b60d18c5866e4b5684a599d3d48f347ea,results/20261004-070000-ws25-formal-s35-b128-conweave/raw/622660010/622660010_out_voq.txt,3c3ae0e11301638690b8fe77ce10abb243bd2b53350416ebd7b936745e3df6e7,e3b0c44298fc1c149afbf4c8996fb92427ae41e4649b934ca495991b7852b855,20960,160,131,0,0,0,0,0.0,0.0,0.0,0.0,0
20261004-070000-ws25-formal-s35-b192-conweave,20262535,192,ce699dffe2845dc83e2171a1c309c6d96b96d2b3,42e526cca09cff5faa32b5c84249ac2f721dc57b9aa8bb57441878d45cdeba6f,results/20261004-070000-ws25-formal-s35-b192-conweave/raw/313184430/313184430_out_voq.txt,0f1901d7decf51c2054c1ddb7c9f98f90a0f6ec737be1da8f61d6cd7344777e0,e3b0c44298fc1c149afbf4c8996fb92427ae41e4649b934ca495991b7852b855,25760,160,161,0,0,0,0,0.0,0.0,0.0,0.0,0
20261004-070000-ws25-formal-s36-b000-conweave,20262536,0,ce699dffe2845dc83e2171a1c309c6d96b96d2b3,a5aacaa276006834078f750cf4afe83c368be4f50fbff75e918c53b317a9246d,results/20261004-070000-ws25-formal-s36-b000-conweave/raw/427818701/427818701_out_voq.txt,f9618cf043bf7a532ebb1478ff0efe6d4c88c1cc13806a41e90d09fa51710c4d,e3b0c44298fc1c149afbf4c8996fb92427ae41e4649b934ca495991b7852b855,1760,160,11,0,0,0,0,0.0,0.0,0.0,0.0,0
20261004-070000-ws25-formal-s36-b064-conweave,20262536,64,ce699dffe2845dc83e2171a1c309c6d96b96d2b3,df06b41d5778dd2f804f762454b0e5a12cf6761d6eb642665e804c02871ece57,results/20261004-070000-ws25-formal-s36-b064-conweave/raw/488524995/488524995_out_voq.txt,09f2cd3f19db9c6a5530162d647970316a453aef11a3e60faa8741c9725316c3,e3b0c44298fc1c149afbf4c8996fb92427ae41e4649b934ca495991b7852b855,17760,160,111,0,0,0,0,0.0,0.0,0.0,0.0,0
20261004-070000-ws25-formal-s36-b128-conweave,20262536,128,ce699dffe2845dc83e2171a1c309c6d96b96d2b3,9c9fe57a0ffa5831eacfc62bb53236383f7fd4bdb0f6c9dd1b9816bba6dd0a14,results/20261004-070000-ws25-formal-s36-b128-conweave/raw/960683230/960683230_out_voq.txt,c2831fc564eca2d0e7aeb964d447799413b5a26091bbe10b07ee9e1d366a5f28,e3b0c44298fc1c149afbf4c8996fb92427ae41e4649b934ca495991b7852b855,19360,160,121,0,0,0,0,0.0,0.0,0.0,0.0,0
20261004-070000-ws25-formal-s36-b192-conweave,20262536,192,ce699dffe2845dc83e2171a1c309c6d96b96d2b3,13819d480c23d776eddbb351a61574864a6056b2f6c7d394129b74a42fe8cbb0,results/20261004-070000-ws25-formal-s36-b192-conweave/raw/788298633/788298633_out_voq.txt,76d3a01e94b8057260240d95ee80fa591e866699ab9d99a9b2544c39acbba39f,e3b0c44298fc1c149afbf4c8996fb92427ae41e4649b934ca495991b7852b855,33760,160,211,0,0,0,0,0.0,0.0,0.0,0.0,0
20261004-070000-ws25-formal-s37-b000-conweave,20262537,0,ce699dffe2845dc83e2171a1c309c6d96b96d2b3,d0137f83387b13caa7fb60a98157b3aad1241aaff571229ec8bbeaa0223d392d,results/20261004-070000-ws25-formal-s37-b000-conweave/raw/484578603/484578603_out_voq.txt,f9618cf043bf7a532ebb1478ff0efe6d4c88c1cc13806a41e90d09fa51710c4d,e3b0c44298fc1c149afbf4c8996fb92427ae41e4649b934ca495991b7852b855,1760,160,11,0,0,0,0,0.0,0.0,0.0,0.0,0
20261004-070000-ws25-formal-s37-b064-conweave,20262537,64,ce699dffe2845dc83e2171a1c309c6d96b96d2b3,c83315e3cfd2550d226f92e1d3a2294deeea2a610a12fafb0f821a579e187b7c,results/20261004-070000-ws25-formal-s37-b064-conweave/raw/909473598/909473598_out_voq.txt,739699e80738d96863dd92840dde8eb9efcf30a6aecb414308508e859b41a9a4,e3b0c44298fc1c149afbf4c8996fb92427ae41e4649b934ca495991b7852b855,16160,160,101,0,0,0,0,0.0,0.0,0.0,0.0,0
20261004-070000-ws25-formal-s37-b128-conweave,20262537,128,ce699dffe2845dc83e2171a1c309c6d96b96d2b3,b36b07108b8a34f00dcc2253378dac3ddc905d5526bd15e209b37032b12b4733,results/20261004-070000-ws25-formal-s37-b128-conweave/raw/383767008/383767008_out_voq.txt,0f1901d7decf51c2054c1ddb7c9f98f90a0f6ec737be1da8f61d6cd7344777e0,e3b0c44298fc1c149afbf4c8996fb92427ae41e4649b934ca495991b7852b855,25760,160,161,0,0,0,0,0.0,0.0,0.0,0.0,0
20261004-070000-ws25-formal-s37-b192-conweave,20262537,192,ce699dffe2845dc83e2171a1c309c6d96b96d2b3,0210f97ae68f31d7cf455ee298be3f264c79a48c487d98f76fc7f8eb7a2b897c,results/20261004-070000-ws25-formal-s37-b192-conweave/raw/606015412/606015412_out_voq.txt,13708ce09b19ad74e03163246b8e4fc717cb9dc385b2252a1426510688ee9baa,e3b0c44298fc1c149afbf4c8996fb92427ae41e4649b934ca495991b7852b855,35360,160,221,0,0,0,0,0.0,0.0,0.0,0.0,0
20261004-070000-ws25-formal-s38-b000-conweave,20262538,0,ce699dffe2845dc83e2171a1c309c6d96b96d2b3,76ebb71800a4e2b8b8e0bf7bcc7a68ec9c8a7d51945dfb1f0f778eca0983cb74,results/20261004-070000-ws25-formal-s38-b000-conweave/raw/579109037/579109037_out_voq.txt,f9618cf043bf7a532ebb1478ff0efe6d4c88c1cc13806a41e90d09fa51710c4d,e3b0c44298fc1c149afbf4c8996fb92427ae41e4649b934ca495991b7852b855,1760,160,11,0,0,0,0,0.0,0.0,0.0,0.0,0
20261004-070000-ws25-formal-s38-b064-conweave,20262538,64,ce699dffe2845dc83e2171a1c309c6d96b96d2b3,3d4fe1dbdab3a59cb10ff53adf8200da69f3223c51e5d7a5c0f6bc8a2a7515cd,results/20261004-070000-ws25-formal-s38-b064-conweave/raw/441813775/441813775_out_voq.txt,d5c780473e8d3ef08f59f6c772ab202814498e92cb7d3b3d629de9cdfbfb7644,e3b0c44298fc1c149afbf4c8996fb92427ae41e4649b934ca495991b7852b855,14560,160,91,0,0,0,0,0.0,0.0,0.0,0.0,0
20261004-070000-ws25-formal-s38-b128-conweave,20262538,128,ce699dffe2845dc83e2171a1c309c6d96b96d2b3,1247577acb6cc02804cdcb24a7fa989f7f9edc64d092ca69b07a282bc07263f5,results/20261004-070000-ws25-formal-s38-b128-conweave/raw/821590206/821590206_out_voq.txt,c2831fc564eca2d0e7aeb964d447799413b5a26091bbe10b07ee9e1d366a5f28,e3b0c44298fc1c149afbf4c8996fb92427ae41e4649b934ca495991b7852b855,19360,160,121,0,0,0,0,0.0,0.0,0.0,0.0,0
20261004-070000-ws25-formal-s38-b192-conweave,20262538,192,ce699dffe2845dc83e2171a1c309c6d96b96d2b3,16fb3627df9980dadb413de0d9826e32e531993121eae964d68ef03152aeea27,results/20261004-070000-ws25-formal-s38-b192-conweave/raw/214712206/214712206_out_voq.txt,f9259e1457c166ff25f7bbacb6a3f50447c46167e589d2bd8e45f6d312c84a78,e3b0c44298fc1c149afbf4c8996fb92427ae41e4649b934ca495991b7852b855,28960,160,181,0,0,0,0,0.0,0.0,0.0,0.0,0
20261004-070000-ws25-formal-s39-b000-conweave,20262539,0,ce699dffe2845dc83e2171a1c309c6d96b96d2b3,8d397ec5d2e026a4cdf10997006f4091be7184c4bbebe69f37354ca8f288f66c,results/20261004-070000-ws25-formal-s39-b000-conweave/raw/223837540/223837540_out_voq.txt,f9618cf043bf7a532ebb1478ff0efe6d4c88c1cc13806a41e90d09fa51710c4d,e3b0c44298fc1c149afbf4c8996fb92427ae41e4649b934ca495991b7852b855,1760,160,11,0,0,0,0,0.0,0.0,0.0,0.0,0
20261004-070000-ws25-formal-s39-b064-conweave,20262539,64,ce699dffe2845dc83e2171a1c309c6d96b96d2b3,56e8668455a5407b316d738e00bb10b325196cc53013bd24fb9f62acb24bcb52,results/20261004-070000-ws25-formal-s39-b064-conweave/raw/549601209/549601209_out_voq.txt,70668e2e60f4f52edcdcdc65043df5a58965191c7758d648a4ff4d24849713e0,e3b0c44298fc1c149afbf4c8996fb92427ae41e4649b934ca495991b7852b855,11360,160,71,0,0,0,0,0.0,0.0,0.0,0.0,0
20261004-070000-ws25-formal-s39-b128-conweave,20262539,128,ce699dffe2845dc83e2171a1c309c6d96b96d2b3,ba05103c349020290a253befcdbd06886dc279fe954fae9d5682b17b12d96862,results/20261004-070000-ws25-formal-s39-b128-conweave/raw/949773531/949773531_out_voq.txt,3c3ae0e11301638690b8fe77ce10abb243bd2b53350416ebd7b936745e3df6e7,e3b0c44298fc1c149afbf4c8996fb92427ae41e4649b934ca495991b7852b855,20960,160,131,0,0,0,0,0.0,0.0,0.0,0.0,0
20261004-070000-ws25-formal-s39-b192-conweave,20262539,192,ce699dffe2845dc83e2171a1c309c6d96b96d2b3,272ea34bd279c0c7728e03278f3dd37f621822176829c281ac49fe9e969c2c2f,results/20261004-070000-ws25-formal-s39-b192-conweave/raw/620457075/620457075_out_voq.txt,8e1c0930d7fcbaa208bc6d74ebe014f798ccd28d0b396f2ad86523954713f2c3,e3b0c44298fc1c149afbf4c8996fb92427ae41e4649b934ca495991b7852b855,30560,160,191,0,0,0,0,0.0,0.0,0.0,0.0,0
20261004-070000-ws25-formal-s40-b000-conweave,20262540,0,ce699dffe2845dc83e2171a1c309c6d96b96d2b3,611f6abe6d3be8b0bb0d607f7d4310a048098b8116ed58d22d82af526a8bbfb9,results/20261004-070000-ws25-formal-s40-b000-conweave/raw/3699060/3699060_out_voq.txt,f9618cf043bf7a532ebb1478ff0efe6d4c88c1cc13806a41e90d09fa51710c4d,e3b0c44298fc1c149afbf4c8996fb92427ae41e4649b934ca495991b7852b855,1760,160,11,0,0,0,0,0.0,0.0,0.0,0.0,0
20261004-070000-ws25-formal-s40-b064-conweave,20262540,64,ce699dffe2845dc83e2171a1c309c6d96b96d2b3,f5b0e85f28fd2b45356ea17cab1addcc8036bd6dccd085574d36b3443ca89123,results/20261004-070000-ws25-formal-s40-b064-conweave/raw/176361358/176361358_out_voq.txt,70668e2e60f4f52edcdcdc65043df5a58965191c7758d648a4ff4d24849713e0,e3b0c44298fc1c149afbf4c8996fb92427ae41e4649b934ca495991b7852b855,11360,160,71,0,0,0,0,0.0,0.0,0.0,0.0,0
20261004-070000-ws25-formal-s40-b128-conweave,20262540,128,ce699dffe2845dc83e2171a1c309c6d96b96d2b3,f1507c0699561b9b5b79059b617b2d2c0c6c654a7a52e05401661a0f1ded9aa2,results/20261004-070000-ws25-formal-s40-b128-conweave/raw/555060713/555060713_out_voq.txt,28feac3ccd5f281cb3b8235c504beb26b2b22191301079ebebeec4f2fb5d65b7,e3b0c44298fc1c149afbf4c8996fb92427ae41e4649b934ca495991b7852b855,22560,160,141,0,0,0,0,0.0,0.0,0.0,0.0,0
20261004-070000-ws25-formal-s40-b192-conweave,20262540,192,ce699dffe2845dc83e2171a1c309c6d96b96d2b3,fba8a857a16cb6541561bd6c6b82c363ec70a4d3355be7fc8aa74e361bc1cf30,results/20261004-070000-ws25-formal-s40-b192-conweave/raw/254469020/254469020_out_voq.txt,13708ce09b19ad74e03163246b8e4fc717cb9dc385b2252a1426510688ee9baa,e3b0c44298fc1c149afbf4c8996fb92427ae41e4649b934ca495991b7852b855,35360,160,221,0,0,0,0,0.0,0.0,0.0,0.0,0
20261004-070000-ws25-formal-s41-b000-conweave,20262541,0,ce699dffe2845dc83e2171a1c309c6d96b96d2b3,ed7b545b0c9f634f5bb72f2aac3fba7d4cf8caf4ba385d4b58588f4ceaee4c8f,results/20261004-070000-ws25-formal-s41-b000-conweave/raw/42968861/42968861_out_voq.txt,f9618cf043bf7a532ebb1478ff0efe6d4c88c1cc13806a41e90d09fa51710c4d,e3b0c44298fc1c149afbf4c8996fb92427ae41e4649b934ca495991b7852b855,1760,160,11,0,0,0,0,0.0,0.0,0.0,0.0,0
20261004-070000-ws25-formal-s41-b064-conweave,20262541,64,ce699dffe2845dc83e2171a1c309c6d96b96d2b3,76711596aa8653dfbc07f1460c34fde3c5c02e3908d5e1771b220537ce86e656,results/20261004-070000-ws25-formal-s41-b064-conweave/raw/872782118/872782118_out_voq.txt,739699e80738d96863dd92840dde8eb9efcf30a6aecb414308508e859b41a9a4,e3b0c44298fc1c149afbf4c8996fb92427ae41e4649b934ca495991b7852b855,16160,160,101,0,0,0,0,0.0,0.0,0.0,0.0,0
20261004-070000-ws25-formal-s41-b128-conweave,20262541,128,ce699dffe2845dc83e2171a1c309c6d96b96d2b3,bbf438da9e82e82fada312d4025f035205403226cad6af953b7731043e815285,results/20261004-070000-ws25-formal-s41-b128-conweave/raw/511456830/511456830_out_voq.txt,3c3ae0e11301638690b8fe77ce10abb243bd2b53350416ebd7b936745e3df6e7,e3b0c44298fc1c149afbf4c8996fb92427ae41e4649b934ca495991b7852b855,20960,160,131,0,0,0,0,0.0,0.0,0.0,0.0,0
20261004-070000-ws25-formal-s41-b192-conweave,20262541,192,ce699dffe2845dc83e2171a1c309c6d96b96d2b3,5dd598861b1943b82097199f88982a3d89bf69331e0246895d245c7a8082e56e,results/20261004-070000-ws25-formal-s41-b192-conweave/raw/55821412/55821412_out_voq.txt,76d3a01e94b8057260240d95ee80fa591e866699ab9d99a9b2544c39acbba39f,e3b0c44298fc1c149afbf4c8996fb92427ae41e4649b934ca495991b7852b855,33760,160,211,0,0,0,0,0.0,0.0,0.0,0.0,0
20261004-070000-ws25-formal-s42-b000-conweave,20262542,0,ce699dffe2845dc83e2171a1c309c6d96b96d2b3,74df5eef42b910a02c63a5af2427179722f1b5d4c6c3ad4b1ae648aa876558bd,results/20261004-070000-ws25-formal-s42-b000-conweave/raw/727152124/727152124_out_voq.txt,f9618cf043bf7a532ebb1478ff0efe6d4c88c1cc13806a41e90d09fa51710c4d,e3b0c44298fc1c149afbf4c8996fb92427ae41e4649b934ca495991b7852b855,1760,160,11,0,0,0,0,0.0,0.0,0.0,0.0,0
20261004-070000-ws25-formal-s42-b064-conweave,20262542,64,ce699dffe2845dc83e2171a1c309c6d96b96d2b3,da76052135768cf5374209c11c7a34b33bb6747360166dc78077f540557af7f9,results/20261004-070000-ws25-formal-s42-b064-conweave/raw/524559875/524559875_out_voq.txt,78497f5c69cbc1b5137ff1f305fda42798e5c8b840198b4629f26f8ecbe61e13,e3b0c44298fc1c149afbf4c8996fb92427ae41e4649b934ca495991b7852b855,12960,160,81,0,0,0,0,0.0,0.0,0.0,0.0,0
20261004-070000-ws25-formal-s42-b128-conweave,20262542,128,ce699dffe2845dc83e2171a1c309c6d96b96d2b3,bef1be4c558114b9e93bcbbdc07b8eb9a94249586af6e351b91db0df500ae6a9,results/20261004-070000-ws25-formal-s42-b128-conweave/raw/587538337/587538337_out_voq.txt,28feac3ccd5f281cb3b8235c504beb26b2b22191301079ebebeec4f2fb5d65b7,e3b0c44298fc1c149afbf4c8996fb92427ae41e4649b934ca495991b7852b855,22560,160,141,0,0,0,0,0.0,0.0,0.0,0.0,0
20261004-070000-ws25-formal-s42-b192-conweave,20262542,192,ce699dffe2845dc83e2171a1c309c6d96b96d2b3,2a2d5b971bbe902891f5df2c505a7bd055a97b28e59307941f4498f0610687d2,results/20261004-070000-ws25-formal-s42-b192-conweave/raw/305149651/305149651_out_voq.txt,f6886a61ebb8ef39710ff02eaea847c8fc1bd93dcc19d56e0c28da51b8025481,e3b0c44298fc1c149afbf4c8996fb92427ae41e4649b934ca495991b7852b855,32160,160,201,0,0,0,0,0.0,0.0,0.0,0.0,0
20261004-070000-ws25-formal-s43-b000-conweave,20262543,0,ce699dffe2845dc83e2171a1c309c6d96b96d2b3,10cecec3d8314c0663d083c7280344fba9f1263fe2d3a78bac625ae5c805fb86,results/20261004-070000-ws25-formal-s43-b000-conweave/raw/834426138/834426138_out_voq.txt,f9618cf043bf7a532ebb1478ff0efe6d4c88c1cc13806a41e90d09fa51710c4d,e3b0c44298fc1c149afbf4c8996fb92427ae41e4649b934ca495991b7852b855,1760,160,11,0,0,0,0,0.0,0.0,0.0,0.0,0
20261004-070000-ws25-formal-s43-b064-conweave,20262543,64,ce699dffe2845dc83e2171a1c309c6d96b96d2b3,035228c6e0e5c235e31200d70ab413c1a587f8301437d8e6f180756a264d12aa,results/20261004-070000-ws25-formal-s43-b064-conweave/raw/321029189/321029189_out_voq.txt,70668e2e60f4f52edcdcdc65043df5a58965191c7758d648a4ff4d24849713e0,e3b0c44298fc1c149afbf4c8996fb92427ae41e4649b934ca495991b7852b855,11360,160,71,0,0,0,0,0.0,0.0,0.0,0.0,0
20261004-070000-ws25-formal-s43-b128-conweave,20262543,128,ce699dffe2845dc83e2171a1c309c6d96b96d2b3,502d4690ede4e96069534d392a35b9f3527f1429ced3717066c0b270b4b2d7da,results/20261004-070000-ws25-formal-s43-b128-conweave/raw/170349497/170349497_out_voq.txt,739699e80738d96863dd92840dde8eb9efcf30a6aecb414308508e859b41a9a4,e3b0c44298fc1c149afbf4c8996fb92427ae41e4649b934ca495991b7852b855,16160,160,101,0,0,0,0,0.0,0.0,0.0,0.0,0
20261004-070000-ws25-formal-s43-b192-conweave,20262543,192,ce699dffe2845dc83e2171a1c309c6d96b96d2b3,6ae698084037c856c78f020e9f21684e93f8a055a75623f52324db13dd63e1ff,results/20261004-070000-ws25-formal-s43-b192-conweave/raw/525357717/525357717_out_voq.txt,28feac3ccd5f281cb3b8235c504beb26b2b22191301079ebebeec4f2fb5d65b7,e3b0c44298fc1c149afbf4c8996fb92427ae41e4649b934ca495991b7852b855,22560,160,141,0,0,0,0,0.0,0.0,0.0,0.0,0
20261004-070000-ws25-formal-s44-b000-conweave,20262544,0,ce699dffe2845dc83e2171a1c309c6d96b96d2b3,a40d9d25f2dfa5b8437c1779dc410771bec3f48540d189df43fa603ccd7f71fd,results/20261004-070000-ws25-formal-s44-b000-conweave/raw/146081614/146081614_out_voq.txt,f9618cf043bf7a532ebb1478ff0efe6d4c88c1cc13806a41e90d09fa51710c4d,e3b0c44298fc1c149afbf4c8996fb92427ae41e4649b934ca495991b7852b855,1760,160,11,0,0,0,0,0.0,0.0,0.0,0.0,0
20261004-070000-ws25-formal-s44-b064-conweave,20262544,64,ce699dffe2845dc83e2171a1c309c6d96b96d2b3,3c392c4839891b4134816b613e44d11f42c2ebe0d7aebe77dbafd318d4ea44e6,results/20261004-070000-ws25-formal-s44-b064-conweave/raw/773571642/773571642_out_voq.txt,70668e2e60f4f52edcdcdc65043df5a58965191c7758d648a4ff4d24849713e0,e3b0c44298fc1c149afbf4c8996fb92427ae41e4649b934ca495991b7852b855,11360,160,71,0,0,0,0,0.0,0.0,0.0,0.0,0
20261004-070000-ws25-formal-s44-b128-conweave,20262544,128,ce699dffe2845dc83e2171a1c309c6d96b96d2b3,791cfc75cdbc3a28bfc52bcc5207946841f3cdba791df40b578f8c177fb69f84,results/20261004-070000-ws25-formal-s44-b128-conweave/raw/549580362/549580362_out_voq.txt,c2831fc564eca2d0e7aeb964d447799413b5a26091bbe10b07ee9e1d366a5f28,e3b0c44298fc1c149afbf4c8996fb92427ae41e4649b934ca495991b7852b855,19360,160,121,0,0,0,0,0.0,0.0,0.0,0.0,0
20261004-070000-ws25-formal-s44-b192-conweave,20262544,192,ce699dffe2845dc83e2171a1c309c6d96b96d2b3,97cc7003ccf1ffed595e029e1e49757f7f34f11d7c3dbcc385b4ada0c7b818df,results/20261004-070000-ws25-formal-s44-b192-conweave/raw/786719168/786719168_out_voq.txt,f6886a61ebb8ef39710ff02eaea847c8fc1bd93dcc19d56e0c28da51b8025481,e3b0c44298fc1c149afbf4c8996fb92427ae41e4649b934ca495991b7852b855,32160,160,201,0,0,0,0,0.0,0.0,0.0,0.0,0
